title,price,location_city,location_state,id,url,photo_url,miles
"Electric razor scooter for kids","$15","El Cajon","CA","24011946125158134","https://www.facebook.com/marketplace/item/24011946125158134","https://scontent-lax3-1.xx.fbcdn.net/v/t45.5328-4/518870506_1423433508861296_2069832379843501231_n.jpg?stp=c0.43.261.261a_dst-jpg_p261x260_tt6&_nc_cat=104&ccb=1-7&_nc_sid=247b10&_nc_ohc=MZ1jmHpFVFIQ7kNvwEMv6j8&_nc_oc=AdmEEUh5l63gU_2iw6hcazUy5ENXFl_k78TqfhTDeZVRmDkMrEApZsbwkCOSHMwYaeIoA6xvNiISYfbyL5noHarB&_nc_zt=23&_nc_ht=scontent-lax3-1.xx&_nc_gid=5KVxBeVqWcG5kZQFJYD0yA&oh=00_AfRCqnb_TNTgTAhWifSijva1OTaHAVXnZrObBmX9-KiWtA&oe=68911F4A","N/A"
"Electric scooter","$100","San Diego","CA","1237162840923978","https://www.facebook.com/marketplace/item/1237162840923978","https://scontent-lax3-1.xx.fbcdn.net/v/t45.5328-4/509291201_683503187849091_4106364015365380025_n.jpg?stp=c0.159.261.261a_dst-jpg_p261x260_tt6&_nc_cat=108&ccb=1-7&_nc_sid=247b10&_nc_ohc=lCcc5Pk3DlsQ7kNvwHNyt1u&_nc_oc=AdkxaNI25VmKzLWynN4sZZEdGYKZnpIBKXAx-iSM5WOUW0Rx-jE5mYjKWZ5R_quxjxBPj6sayY2lBCWQ7JUDRUwF&_nc_zt=23&_nc_ht=scontent-lax3-1.xx&_nc_gid=VrksCYV4pN1d8D51JXkzZg&oh=00_AfRr90T0CiNbKklL48icd6AfadnYkeSkK7ApF1KBeJPiiw&oe=689129D0","N/A"
"Electric BIRD scooter","$50","Oceanside","CA","1650155278980741","https://www.facebook.com/marketplace/item/1650155278980741","https://scontent-lax3-1.xx.fbcdn.net/v/t45.5328-4/518777395_1341166117429273_3980440628044110773_n.jpg?stp=c0.43.261.261a_dst-jpg_p261x260_tt6&_nc_cat=110&ccb=1-7&_nc_sid=247b10&_nc_ohc=UfIqzdPe0fYQ7kNvwFJuXte&_nc_oc=AdlirigtUcm2Lmyr3vxF-W_IXrVWOojnDX_DrXPLMYFu8QJB2Y_ZPAKJyBdrmSjHL7_NCG_wmcbwo1PG82kSpN5l&_nc_zt=23&_nc_ht=scontent-lax3-1.xx&_nc_gid=8iePOELBsIWrHZWpmJMlkg&oh=00_AfTcNhtlY09nHzmIVuuFNiqXwP9I3SRuAYTvLxXTQnGDNg&oe=68910D0D","N/A"
"Schwinn Shuffle Mens and Womens Kick Scooter size 26","$100","Temecula","CA","1291336399003645","https://www.facebook.com/marketplace/item/1291336399003645","https://scontent-lax3-1.xx.fbcdn.net/v/t45.5328-4/505542621_1216946006286327_6952995248071991041_n.jpg?stp=c42.0.260.260a_dst-jpg_p261x260_tt6&_nc_cat=108&ccb=1-7&_nc_sid=247b10&_nc_ohc=BSd4RbzWKIsQ7kNvwEy8YXQ&_nc_oc=AdkduFYsgKjYNWlnKCFTIYUfM93w-JJgMucWVTNS2UPzJGpSGMpzK-Cvofpo9sB9hNdt-6hHe3wsFbh6ethWdFLK&_nc_zt=23&_nc_ht=scontent-lax3-1.xx&_nc_gid=VrksCYV4pN1d8D51JXkzZg&oh=00_AfREZ-JSpj3-HH-e7j3m2TyzPCDWRSO2IGY3u5YsPVo4lQ&oe=68912C08","N/A"
"Kick scooter","$20","Alpine","CA","2988073208020118","https://www.facebook.com/marketplace/item/2988073208020118","https://scontent-lax3-1.xx.fbcdn.net/v/t45.5328-4/523048136_765038569544119_2986341205326991320_n.jpg?stp=c0.43.261.261a_dst-jpg_p261x260_tt6&_nc_cat=104&ccb=1-7&_nc_sid=247b10&_nc_ohc=aK6Ik_y_cu0Q7kNvwGy6N51&_nc_oc=AdkuSZ9vzn6Zyv53P9cxDX_KNvKK61XiPfl8QHzSCnOPfpr4vLK_HiSdGFiUC7qdz2oZt31BNZ31TEag1STmLHYg&_nc_zt=23&_nc_ht=scontent-lax3-1.xx&_nc_gid=dvxtmiekbt7Y19puunDhiw&oh=00_AfQVY0b027GWaSiGYsVRN9yWcN_jLBpTUeMx39GCEs4pIg&oe=68911F83","N/A"
"Electric scooter","$100","El Cajon","CA","387982333903806","https://www.facebook.com/marketplace/item/387982333903806","https://scontent-lax3-1.xx.fbcdn.net/v/t45.5328-4/452569832_1186034865769292_7635841602882333761_n.jpg?stp=c0.66.261.261a_dst-jpg_p261x260_tt6&_nc_cat=102&ccb=1-7&_nc_sid=247b10&_nc_ohc=N9rP6oTyetQQ7kNvwGGLl3A&_nc_oc=AdmMHjpCYJkM82E71dafLVAScQ5J-nCKAm6XXyYkYxHsuBhVaO1qXk5HFL-k6vFi3YrUGlUXXr6EvL9wg8vCHQct&_nc_zt=23&_nc_ht=scontent-lax3-1.xx&_nc_gid=5KVxBeVqWcG5kZQFJYD0yA&oh=00_AfQguktKXDVrowoUEBDZnlgfjon8xTGRI8OBr3CoH3n0WQ&oe=689103F9","N/A"
"Prodigy scooters","$50","Valley Center","CA","1416781892861668","https://www.facebook.com/marketplace/item/1416781892861668","https://scontent-lax3-2.xx.fbcdn.net/v/t45.5328-4/525462785_2264059840717784_4336938210561493511_n.jpg?stp=c0.43.261.261a_dst-jpg_p261x260_tt6&_nc_cat=106&ccb=1-7&_nc_sid=247b10&_nc_ohc=io75Ak8Rri0Q7kNvwEdtdEl&_nc_oc=AdkniN-w74yaOuL_I8ZYf4zxZfTSk-yL42Kr0p8m_TMwkbc8fEJgqEhnKExT3VOqtxJMgvYgbohoqCYNx6p77OcT&_nc_zt=23&_nc_ht=scontent-lax3-2.xx&_nc_gid=5KVxBeVqWcG5kZQFJYD0yA&oh=00_AfSW8RQSgYFdeNTgbJDnMInVNoEwAQtvx7OKzhNpkuyiew&oe=689125C4","N/A"
"Mosquito (Goped scooter)","$2","Escondido","CA","706095282284549","https://www.facebook.com/marketplace/item/706095282284549","https://scontent-lax3-1.xx.fbcdn.net/v/t45.5328-4/472400619_2059937061152521_8458396891695543684_n.jpg?stp=c0.152.261.261a_dst-jpg_p261x260_tt6&_nc_cat=108&ccb=1-7&_nc_sid=247b10&_nc_ohc=-N_3kCfVHnIQ7kNvwFf5A7U&_nc_oc=AdmPaMfmrfCDn20GRrLi_zais_bRYk425bwsbLYFO0HS7bVqBfUIQbTVQOodiRSKBgLFAA31aQWTMob8SUsXxvBp&_nc_zt=23&_nc_ht=scontent-lax3-1.xx&_nc_gid=8iePOELBsIWrHZWpmJMlkg&oh=00_AfT_ehDOvtpMuQ1gILcZ49YxyNEnxS-sEQcUkdt4FPfHUA&oe=68913983","N/A"
"Segway ninebot scooter","$100","San Diego","CA","1426067561845426","https://www.facebook.com/marketplace/item/1426067561845426","https://scontent-lax3-2.xx.fbcdn.net/v/t45.5328-4/521686860_1851481685428108_8856823876139950104_n.jpg?stp=c43.0.260.260a_dst-jpg_p261x260_tt6&_nc_cat=100&ccb=1-7&_nc_sid=247b10&_nc_ohc=rTm2_1Rx0jEQ7kNvwETCach&_nc_oc=AdleU72rXOVfGODRmG0n6HInE3EfVS5-FFRgViqJ3sIM0D4ZGvtccMswnW2FRQJzd1mObJzUIPPWnFW4G2csgcQ_&_nc_zt=23&_nc_ht=scontent-lax3-2.xx&_nc_gid=5KVxBeVqWcG5kZQFJYD0yA&oh=00_AfT0ajU2PfmPXMHHp7vzJvKG0EHpW8DmRvKSF6nOdwCAUg&oe=6891387A","N/A"
"Electric scooter","$80","Upland","CA","774112561634413","https://www.facebook.com/marketplace/item/774112561634413","https://scontent-lax3-1.xx.fbcdn.net/v/t45.5328-4/525518735_735356162579340_2447257971967769106_n.jpg?stp=c0.151.261.261a_dst-jpg_p261x260_tt6&_nc_cat=108&ccb=1-7&_nc_sid=247b10&_nc_ohc=52AyRThlf2kQ7kNvwF4QI3s&_nc_oc=Adl8PNaJ9PSTWAFe-dTJimuutliX3H13QURml3U-K27cgBzFbDyvGbLadH8Ob5dNkdqEMDfb5205zxtvW5BNE482&_nc_zt=23&_nc_ht=scontent-lax3-1.xx&_nc_gid=8iePOELBsIWrHZWpmJMlkg&oh=00_AfRfnPY8QJpBlOhItB_nlgCOW7DaIw66S64P3eWcQalKew&oe=6891055E","N/A"
"Electric scooter","$100","Murrieta","CA","4149302548648197","https://www.facebook.com/marketplace/item/4149302548648197","https://scontent-lax3-1.xx.fbcdn.net/v/t45.5328-4/484950567_1644446039509048_7581270767392951145_n.jpg?stp=c43.0.260.260a_dst-jpg_p261x260_tt6&_nc_cat=102&ccb=1-7&_nc_sid=247b10&_nc_ohc=0VP0lO21loQQ7kNvwH3v9TQ&_nc_oc=AdnZOgri0FPbVw7jo9iqtd7fqd2idBH-xoWiWaQkM551IQAtfL5ypSWODxt0MnOqWDaZSQz1n-gCseue4u0JV974&_nc_zt=23&_nc_ht=scontent-lax3-1.xx&_nc_gid=5KVxBeVqWcG5kZQFJYD0yA&oh=00_AfR70LUqpSFaLy4VibzXWSyoER2rKs4hA-2nWmyuDSzRXw&oe=689111B5","N/A"
"Gotrax electric scooter (great Condition)","$80","Lemon Grove","CA","1018089850259991","https://www.facebook.com/marketplace/item/1018089850259991","https://scontent-lax3-2.xx.fbcdn.net/v/t45.5328-4/491358512_968049065125259_3994635771849960034_n.jpg?stp=c0.43.261.261a_dst-jpg_p261x260_tt6&_nc_cat=106&ccb=1-7&_nc_sid=247b10&_nc_ohc=tmNakvD5i3IQ7kNvwGWCuMq&_nc_oc=AdmwUNXkW_9RnrUcKOrR3mJ3BLehcWDGpVCJ5Zst1lwNTjFQ-xjzjwZWN2q_dV82EDonWrX-xVCcNOp13kdbXOnT&_nc_zt=23&_nc_ht=scontent-lax3-2.xx&_nc_gid=5KVxBeVqWcG5kZQFJYD0yA&oh=00_AfRYW_X5Xb5Uz4I5E_lUgzhE-PZP0sIZlq-MYZr-Wc97-Q&oe=689116BF","N/A"
"Scooter nuevo en caja $$ 80","$80","Compton","CA","1463389298006252","https://www.facebook.com/marketplace/item/1463389298006252","https://scontent-lax3-2.xx.fbcdn.net/v/t45.5328-4/525726542_1211238497682996_3826562516747172845_n.jpg?stp=c0.42.261.261a_dst-jpg_p261x260_tt6&_nc_cat=106&ccb=1-7&_nc_sid=247b10&_nc_ohc=9HmVuo4esZQQ7kNvwHVpq81&_nc_oc=AdnxXZwh4go3aB_2QqPxFagxAkEioDMslCFNbBsGQgubOIvHxJ_PaAEqx5Bb0GmHNuLU9vos0AqZm6YdBjLUlQ5H&_nc_zt=23&_nc_ht=scontent-lax3-2.xx&_nc_gid=5KVxBeVqWcG5kZQFJYD0yA&oh=00_AfQPxV6VGCR4y-DUHLWz4_HjmYpypDZwasEb-b6-iYlYEA&oe=6891038E","N/A"
"Scooter","$20","Escondido","CA","1408210903592273","https://www.facebook.com/marketplace/item/1408210903592273","https://scontent-lax3-2.xx.fbcdn.net/v/t45.5328-4/518254169_3968387916757775_4271960863899077273_n.jpg?stp=c0.43.261.261a_dst-jpg_p261x260_tt6&_nc_cat=106&ccb=1-7&_nc_sid=247b10&_nc_ohc=R6pTfaLGcmIQ7kNvwEbe5Vf&_nc_oc=AdkAw-N9OmiPkyTEALCG9j5gIfDHyOO8mxudqordcCCFKoP1QsKvvDeF22bmO68uEdpcaz6PQACyupkaV40AbE_W&_nc_zt=23&_nc_ht=scontent-lax3-2.xx&_nc_gid=5KVxBeVqWcG5kZQFJYD0yA&oh=00_AfTeTtlXHK2yclM9CdthASLMt8BK-oPNdrKUgmqYpxDJtA&oe=68910940","N/A"
"Razor scooter","$75","San Diego","CA","976070334532138","https://www.facebook.com/marketplace/item/976070334532138","https://scontent-lax3-2.xx.fbcdn.net/v/t45.5328-4/503978880_1746144949270802_8218757277642446853_n.jpg?stp=c0.43.261.261a_dst-jpg_p261x260_tt6&_nc_cat=103&ccb=1-7&_nc_sid=247b10&_nc_ohc=mhQAIoNM1p8Q7kNvwGJJ1HW&_nc_oc=AdmuNGx7HW25wp1JSP0mFeI0I689QpzCt-9i5Ti0yre8xhYct7ei9_ULCejLV60U0GaR7mHcfObT5KpHyYF0dIl5&_nc_zt=23&_nc_ht=scontent-lax3-2.xx&_nc_gid=5KVxBeVqWcG5kZQFJYD0yA&oh=00_AfSHnxFuELqTU6aso4R1Qchn9SuuFBZYjb5j9fEgQ7Ol1w&oe=6891126C","N/A"
"Scooter","$75","Los Angeles","CA","1134509011864178","https://www.facebook.com/marketplace/item/1134509011864178","https://scontent-lax3-1.xx.fbcdn.net/v/t45.5328-4/521077849_1256527602641054_5869068553508070094_n.jpg?stp=c0.151.261.261a_dst-jpg_p261x260_tt6&_nc_cat=102&ccb=1-7&_nc_sid=247b10&_nc_ohc=2pmWL-qlpLcQ7kNvwE14jVj&_nc_oc=AdmwFRA9AR4G3m-5G2MY9BvP4QKCNTlOkDHq9jjBe_4F17cPw2qVtOWkKFqkFLlrCqxLuJjO7iZO7GYUjCawA_42&_nc_zt=23&_nc_ht=scontent-lax3-1.xx&_nc_gid=5KVxBeVqWcG5kZQFJYD0yA&oh=00_AfS-grwjgG12E8tcALUAb4vaApj9XiEHxEJ8nry6FYdwGg&oe=689115B7","N/A"
"Electric Scooter JHY-03PRO","$80","Chula Vista","CA","1088270579932668","https://www.facebook.com/marketplace/item/1088270579932668","https://scontent-lax3-2.xx.fbcdn.net/v/t45.5328-4/525065829_689817897425994_2125437519226162952_n.jpg?stp=c0.43.261.261a_dst-jpg_p261x260_tt6&_nc_cat=103&ccb=1-7&_nc_sid=247b10&_nc_ohc=cVhIrc79Vj8Q7kNvwGuYAUq&_nc_oc=Adlhy9gdk1_fyPyeAn4zNI7elMzNrFqVQzTfbrc6ooQw3lINgJIB4hLz4tHnsO3SC-J1fU6bbYKwUzg09fP81zsi&_nc_zt=23&_nc_ht=scontent-lax3-2.xx&_nc_gid=5KVxBeVqWcG5kZQFJYD0yA&oh=00_AfQ_fEq_YSRv7TTpOWqARxdL2jyAgaaLdlFVKNlRXCmkgA&oe=6891044D","N/A"
"Two Bicycles And Two Scooter","$40","El Cajon","CA","736616899066476","https://www.facebook.com/marketplace/item/736616899066476","https://scontent-lax3-2.xx.fbcdn.net/v/t45.5328-4/524744961_4082997455361783_5339566288674452388_n.jpg?stp=c40.0.260.260a_dst-jpg_p261x260_tt6&_nc_cat=103&ccb=1-7&_nc_sid=247b10&_nc_ohc=5BoknJeupcAQ7kNvwGpG5rz&_nc_oc=AdnMAYKPuLsehUBXukjgghyZOAxuWIYI6TyV62y8LZ9bS__nIvpV565GWM6krj3bcRmrlGxBDoYTtEcQh4KMth3J&_nc_zt=23&_nc_ht=scontent-lax3-2.xx&_nc_gid=5KVxBeVqWcG5kZQFJYD0yA&oh=00_AfSX948NjMQb6WRVf7UUDKaK-JeTNUvmlvBR4w6-E1Lj0w&oe=68912186","N/A"
"Pro scooter","$80","San Diego","CA","1838904543389428","https://www.facebook.com/marketplace/item/1838904543389428","https://scontent-lax3-2.xx.fbcdn.net/v/t45.5328-4/524930706_1420310392509866_7964791396405158963_n.jpg?stp=c0.43.261.261a_dst-jpg_p261x260_tt6&_nc_cat=100&ccb=1-7&_nc_sid=247b10&_nc_ohc=mZh1_ox01McQ7kNvwHDEGVy&_nc_oc=AdmjtnEMubmvqIrmiZ4TH4lP8GYuTfJSRTR06Ou23wdvwOBrmkuIhpC6aBDmTMw_nnKnVB3sNj5R0PP2hyJrSEam&_nc_zt=23&_nc_ht=scontent-lax3-2.xx&_nc_gid=5KVxBeVqWcG5kZQFJYD0yA&oh=00_AfQWL9NSw54YAQRKHQOpJcn3waLzZMEKlzdH2an2LEmq6Q&oe=68910D73","N/A"
"Ninebot S4 Electric Scooter (For Parts)","$80","Chula Vista","CA","2540307616306998","https://www.facebook.com/marketplace/item/2540307616306998","https://scontent-lax3-2.xx.fbcdn.net/v/t45.5328-4/503449056_753735987121266_7058587624027098648_n.jpg?stp=c0.43.261.261a_dst-jpg_p261x260_tt6&_nc_cat=106&ccb=1-7&_nc_sid=247b10&_nc_ohc=oj_YDDHhcmcQ7kNvwF_Ay5c&_nc_oc=Adk4pkpXUUsIqAVrXGebvTQJWGSray6CRrVqMUCMQcJwdOry_UYpulaiSfSYkRrwMGPNhGUR6WHg2_v6Oltwek8M&_nc_zt=23&_nc_ht=scontent-lax3-2.xx&_nc_gid=5KVxBeVqWcG5kZQFJYD0yA&oh=00_AfTl9joN9MztfDYvXdfkkcDCAevE5Y0DpMplGBVwCqG-3A&oe=68910B51","N/A"
"Pro-rider scooter","$40","Vista","CA","1538200337534008","https://www.facebook.com/marketplace/item/1538200337534008","https://scontent-lax3-2.xx.fbcdn.net/v/t45.5328-4/517934070_1586670702292948_9106192765526726563_n.jpg?stp=c43.0.260.260a_dst-jpg_p261x260_tt6&_nc_cat=101&ccb=1-7&_nc_sid=247b10&_nc_ohc=efP3b5-P97kQ7kNvwF2wzZT&_nc_oc=AdkjVOL0OMBPizlRWyItkJ_l6YuAN2pI3wjurZpbW6EXjHVo-zT6BPz7a8VRO0_Twuhk0ipXWL0kAV3E0CcfBzcx&_nc_zt=23&_nc_ht=scontent-lax3-2.xx&_nc_gid=5KVxBeVqWcG5kZQFJYD0yA&oh=00_AfTuM7GNIA0GtdT3v9rnqQ8VvLkkh1PkToTlcGJaB-1G8A&oe=68911D2C","N/A"
"Super Cycles & Scooters Battery Scooter","$80","Vista","CA","1301115451136133","https://www.facebook.com/marketplace/item/1301115451136133","https://scontent-lax3-2.xx.fbcdn.net/v/t45.5328-4/474728673_664846286072961_5578196280908458419_n.jpg?stp=c0.43.261.261a_dst-jpg_p261x260_tt6&_nc_cat=106&ccb=1-7&_nc_sid=247b10&_nc_ohc=CKkh4WzLWZQQ7kNvwH6-uiI&_nc_oc=AdkWaMG3qCl5Eu1ngsiUZhbSplOUlbAFn4uXUFEdlhAQg3lnzqKz0aKVhwjymuPZPG9kMaYWHrlaNUcnELsgWpX-&_nc_zt=23&_nc_ht=scontent-lax3-2.xx&_nc_gid=5KVxBeVqWcG5kZQFJYD0yA&oh=00_AfTsOHLYUWCrsub162L5h0spxCERq0YGGXlhWaII8zhrDA&oe=689118BA","N/A"
"Scooter Madd Gear Kruzer","$35","El Cajon","CA","731961006393117","https://www.facebook.com/marketplace/item/731961006393117","https://scontent-lax3-1.xx.fbcdn.net/v/t45.5328-4/524926367_24676337381957837_782808909999359856_n.jpg?stp=c0.53.261.261a_dst-jpg_p261x260_tt6&_nc_cat=102&ccb=1-7&_nc_sid=247b10&_nc_ohc=KQ5jeBHocsMQ7kNvwEWc2WJ&_nc_oc=AdmLcpGdxkXLnt74BzqIng7P8_9iaWc-IN8IavFjgvyffSkr5CTEpe59_3bKlCSAbL3hFVPBLQTEbuj9G8Ek78Xj&_nc_zt=23&_nc_ht=scontent-lax3-1.xx&_nc_gid=5KVxBeVqWcG5kZQFJYD0yA&oh=00_AfTS4TuwFa15Nmw2cXaNVzC4xuu9FSsCx4eu4Eq5Glp4AQ&oe=68910672","N/A"
"New Scooter for Sale","$20","Chula Vista","CA","24027142240300270","https://www.facebook.com/marketplace/item/24027142240300270","https://scontent-lax3-2.xx.fbcdn.net/v/t45.5328-4/516554169_1097537372437265_6712335976545028902_n.jpg?stp=c0.101.261.261a_dst-jpg_p261x260_tt6&_nc_cat=111&ccb=1-7&_nc_sid=247b10&_nc_ohc=b_3Bp4C1PWEQ7kNvwEwmMgR&_nc_oc=Adn-xg3Y_7iJbWs8nTqTahln8ktSMJ20MnVSO79KJCTtm_lPiwNB6yzm6P0Wuxp9KL85f_KVoCTLvsf5Ff62gGtU&_nc_zt=23&_nc_ht=scontent-lax3-2.xx&_nc_gid=8iePOELBsIWrHZWpmJMlkg&oh=00_AfS7oWPxyStTogtWiaNajHymxUIWZyaigzEGVWmS4miGPQ&oe=68911079","N/A"
"Ninebot T15 scooter","$100","Chula Vista","CA","1076632917248877","https://www.facebook.com/marketplace/item/1076632917248877","https://scontent-lax3-1.xx.fbcdn.net/v/t45.5328-4/518239814_3017325808442341_6562103943776759757_n.jpg?stp=c0.43.261.261a_dst-jpg_p261x260_tt6&_nc_cat=108&ccb=1-7&_nc_sid=247b10&_nc_ohc=9vM1O1-qlqUQ7kNvwEGnkYh&_nc_oc=AdlkE0Ax5SogepIbLXCTjWsh80eq0po0upVS5PBfeVOs6KK93bclDP5nIkKS4UWYVzRFvxiXhe9Pu9uRqXvHINmE&_nc_zt=23&_nc_ht=scontent-lax3-1.xx&_nc_gid=yzKoQpQbEXyDvj4wz816Mg&oh=00_AfST-L9BWW5OLzUKBSxePfj6CT_cnGfJ4aqTXSBpuN0GYQ&oe=68912763","N/A"
"Envy pro scooter","$100","Ramona","CA","1427994434830388","https://www.facebook.com/marketplace/item/1427994434830388","https://scontent-lax3-2.xx.fbcdn.net/v/t45.5328-4/482126097_1534362280575367_6323324624000526747_n.jpg?stp=c0.151.261.261a_dst-jpg_p261x260_tt6&_nc_cat=107&ccb=1-7&_nc_sid=247b10&_nc_ohc=2gy41lK4BeEQ7kNvwHI17Iu&_nc_oc=Adna5QYpMbh1ew9aJt91j98ZQgcnD8GWMlB72S7VnRozUUYZaiYDDm6Lj67ZX7JIaydd0n6rOjacpKNfG2RVXNrL&_nc_zt=23&_nc_ht=scontent-lax3-2.xx&_nc_gid=5KVxBeVqWcG5kZQFJYD0yA&oh=00_AfSd-gg-DP8EAPwUhWwP6X_uJv1eJGOgdTzlLdwiEGKmiA&oe=68913874","N/A"
"Hover-1 electric scooter.","$100","La Mesa","CA","4292750277712079","https://www.facebook.com/marketplace/item/4292750277712079","https://scontent-lax3-1.xx.fbcdn.net/v/t45.5328-4/521741886_1309673134055679_4569290035134065467_n.jpg?stp=c0.43.261.261a_dst-jpg_p261x260_tt6&_nc_cat=108&ccb=1-7&_nc_sid=247b10&_nc_ohc=eJ1wW6ztc3AQ7kNvwHX0iNA&_nc_oc=AdlXYxV2EPhCAJAB5rSS5CxdR_iziaD1INXGZ053kcnhOcBSgmz5W9MYpdKtTdObXw7LFd5DzUAXO6CJu_Ncoj5k&_nc_zt=23&_nc_ht=scontent-lax3-1.xx&_nc_gid=yzKoQpQbEXyDvj4wz816Mg&oh=00_AfRSjQqLZXSO8FmD6-Gjw_Sj-4IwHrjzaZuN3JDmemAEfA&oe=689115AA","N/A"
"Segway Ninebot MAX electric scooter - powered by 350W-1000W motor","$89","National City","CA","1147688023189022","https://www.facebook.com/marketplace/item/1147688023189022","https://scontent-lax3-2.xx.fbcdn.net/v/t45.5328-4/452268933_442435365440397_884834072651002662_n.jpg?stp=c0.20.261.261a_dst-jpg_p261x260_tt6&_nc_cat=101&ccb=1-7&_nc_sid=247b10&_nc_ohc=KMPn_LPwQ6YQ7kNvwFHvy_4&_nc_oc=Adm82hBpvUTD6B-Zaq0MZRPQtW14qEJo8x6L8APcLuVG6CAXcN_JRmZ9nwPw32THo-gSLC3E6fajn15d4X63q2DH&_nc_zt=23&_nc_ht=scontent-lax3-2.xx&_nc_gid=yzKoQpQbEXyDvj4wz816Mg&oh=00_AfTBpkbeKrAyN60fYiYNuNbRTK940RUMep4KStw6tMVHRA&oe=689107EC","N/A"
"electric moped scooter","$100","Escondido","CA","676526834114781","https://www.facebook.com/marketplace/item/676526834114781","https://scontent-lax3-1.xx.fbcdn.net/v/t45.5328-4/374636221_9942038829201790_5336567859485356937_n.jpg?stp=c0.159.261.261a_dst-jpg_p261x260_tt6&_nc_cat=108&ccb=1-7&_nc_sid=247b10&_nc_ohc=wFxv8PE1WEcQ7kNvwH0Xadd&_nc_oc=AdkU6HVSHx4KsQiQ-4UJ8Go0HeGwkz8j7IGXzInvNoFLS3JNE55a08Cp14DUiTXQZifHp8cWQb_kP6AiOKTmo7UA&_nc_zt=23&_nc_ht=scontent-lax3-1.xx&_nc_gid=5KVxBeVqWcG5kZQFJYD0yA&oh=00_AfSsamtXs4S6jEvzmn1DUpz58JWTY_lGR1vEk-Cc8MLkXg&oe=68912F3C","N/A"
"Scooter Primo Globber","$10","San Diego","CA","1781689583230049","https://www.facebook.com/marketplace/item/1781689583230049","https://scontent-lax3-2.xx.fbcdn.net/v/t45.5328-4/520255628_742536808737191_8078562911079332163_n.jpg?stp=c43.0.260.260a_dst-jpg_p261x260_tt6&_nc_cat=103&ccb=1-7&_nc_sid=247b10&_nc_ohc=08F-meTx9T8Q7kNvwEFhhuv&_nc_oc=Adni2zqfowPVpp2YLCKBfw_N0ffxXXWQdFLg2XEnVMppUoP2rtu5_PPeZBVUR_msazYVhZyNqasOVFJOAQD4_tsl&_nc_zt=23&_nc_ht=scontent-lax3-2.xx&_nc_gid=VrksCYV4pN1d8D51JXkzZg&oh=00_AfSEgBlILFWo4cbnEEYIEzfVl9eeiLdrOYOeG1Lc0briSA&oe=689130E6","N/A"
"Razors scooters","$5","Escondido","CA","697109686136760","https://www.facebook.com/marketplace/item/697109686136760","https://scontent-lax3-1.xx.fbcdn.net/v/t45.5328-4/497942441_720957646931196_5837204537288755677_n.jpg?stp=c0.152.261.261a_dst-jpg_p261x260_tt6&_nc_cat=105&ccb=1-7&_nc_sid=247b10&_nc_ohc=063ADZ1v7HUQ7kNvwFtZrNP&_nc_oc=AdlfGj2PoMD29BzI9sE66OC-9LdKSkpHB_HB5T4mWd7oxY-k4Mtz0sXCm3zAZQtoOFF72scc01_7uK8sa-jOUtae&_nc_zt=23&_nc_ht=scontent-lax3-1.xx&_nc_gid=yzKoQpQbEXyDvj4wz816Mg&oh=00_AfRIAat6T1YNvLJSNDPCNjmp0ZTjpFpsSQEDoDGqyaX5mg&oe=6891060E","N/A"
"Electric bicycles, electric scooters and various batteries for sale","$20","Murrieta","CA","750799850981048","https://www.facebook.com/marketplace/item/750799850981048","https://scontent-lax3-2.xx.fbcdn.net/v/t45.5328-4/505989346_1262858375290476_3690737647466994756_n.jpg?stp=c0.43.261.261a_dst-jpg_p261x260_tt6&_nc_cat=100&ccb=1-7&_nc_sid=247b10&_nc_ohc=oFtVMvS63dYQ7kNvwG0gMYo&_nc_oc=Adm_t7feh2vBf4RJ_gveqKkMaiZSXSgCDToKdzBu92OHO-i4gHD9UFo_uqqwFRxMkZaT3QSrdZO68LwbQZBhiIf_&_nc_zt=23&_nc_ht=scontent-lax3-2.xx&_nc_gid=yzKoQpQbEXyDvj4wz816Mg&oh=00_AfRMwQq4PZS3TO8z3MWo70n_VD4P9yGv6Gcyd_7x38yetQ&oe=68911EA6","N/A"
"Razor A5 Air Kick Scooter","$75","Escondido","CA","1352213055873809","https://www.facebook.com/marketplace/item/1352213055873809","https://scontent-lax3-2.xx.fbcdn.net/v/t45.5328-4/520724511_1054376860239175_8998070929929572497_n.jpg?stp=c0.43.261.261a_dst-jpg_p261x260_tt6&_nc_cat=101&ccb=1-7&_nc_sid=247b10&_nc_ohc=7EWSvoZC47IQ7kNvwFQBy80&_nc_oc=Adny-txIvztsc0-eUl9iI0MS3-fgCANjxDQVppLFMZP6eEzXky9h9i_9J3TCb-tel8W1vLlvIqmfAXbaFnMN6F0O&_nc_zt=23&_nc_ht=scontent-lax3-2.xx&_nc_gid=yzKoQpQbEXyDvj4wz816Mg&oh=00_AfStQHpGXwVSJXKZ6-uE0YKZ-I_Zc1a0WD5wqHBbFQMdIg&oe=68912C6C","N/A"
"60V dual drive foldable scooter adult high power off-road scooter","$100","Hemet","CA","549530914308587","https://www.facebook.com/marketplace/item/549530914308587","https://scontent-lax3-2.xx.fbcdn.net/v/t45.5328-4/452122645_822173679872796_3288420025542352464_n.jpg?stp=c43.0.260.260a_dst-jpg_p261x260_tt6&_nc_cat=103&ccb=1-7&_nc_sid=247b10&_nc_ohc=IgtnNt1TzyEQ7kNvwHpzRpR&_nc_oc=AdlovmLdKiU2O_NzssNi4G7c0i9XAUg9OT-zF6DCdOtaScOKHlUcP-iuLn-3epgv1FYW4_LPGiD7Sfw0A1rO2Rxk&_nc_zt=23&_nc_ht=scontent-lax3-2.xx&_nc_gid=yzKoQpQbEXyDvj4wz816Mg&oh=00_AfREpeyQTmA9JZp0nK36I5mhGZFocpxlygIOMgTOu4PVgg&oe=689116D3","N/A"
"Vega 2 in 1 scooter/bike","$50","Escondido","CA","2082969962193108","https://www.facebook.com/marketplace/item/2082969962193108","https://scontent-lax3-2.xx.fbcdn.net/v/t45.5328-4/473216542_1825726754924095_2843231305303617098_n.jpg?stp=c43.0.260.260a_dst-jpg_p261x260_tt6&_nc_cat=107&ccb=1-7&_nc_sid=247b10&_nc_ohc=sRUSq7-OSTsQ7kNvwE7p1cH&_nc_oc=AdkFf8x8-NHeK28uSykDW-cLJkzdG_JeV8K6rBH6OEMitAFMNNZml0Wfl2gzgcYQ6tH2YAM5QMXn8i08pQvq7YsJ&_nc_zt=23&_nc_ht=scontent-lax3-2.xx&_nc_gid=8iePOELBsIWrHZWpmJMlkg&oh=00_AfRo9-GXEcxEWYVsukAbs13tImZ6RIioN2Ib98A4y7Ao_Q&oe=6891133E","N/A"
"Scooter","$100","Chula Vista","CA","2118173058626722","https://www.facebook.com/marketplace/item/2118173058626722","https://scontent-lax3-1.xx.fbcdn.net/v/t45.5328-4/502951682_707076231693548_5128851363027971719_n.jpg?stp=c0.151.261.261a_dst-jpg_p261x260_tt6&_nc_cat=102&ccb=1-7&_nc_sid=247b10&_nc_ohc=LwcLzPSE4tcQ7kNvwEIrviP&_nc_oc=AdkSj0ANvjW8M9H5anrATOBoHVLGD2IHK8l32UlOvc4t426LINWVeQpelFcDauNZ1ujkrTSMZ0G6SDUpXfnFrFUx&_nc_zt=23&_nc_ht=scontent-lax3-1.xx&_nc_gid=VrksCYV4pN1d8D51JXkzZg&oh=00_AfSApS6i8YONbQTsdqO2GOY0Yn9Or2pq6ED7gBtRjOG7Dg&oe=6891231F","N/A"
"Razor electric scooter","$100","Vista","CA","623506264189664","https://www.facebook.com/marketplace/item/623506264189664","https://scontent-lax3-1.xx.fbcdn.net/v/t45.5328-4/504450247_1479963582992715_1841015485801503838_n.jpg?stp=c0.43.261.261a_dst-jpg_p261x260_tt6&_nc_cat=108&ccb=1-7&_nc_sid=247b10&_nc_ohc=oTniWp_vh2kQ7kNvwHrewbV&_nc_oc=AdkmP5dn_dFNOVZgTd5vvIeyFDiiQWBSkJ5ZDj4GI9Cpr3pRGJ_lZb4geZ6m6AYJrXeAdF0v18eej11MH3_N-dZ1&_nc_zt=23&_nc_ht=scontent-lax3-1.xx&_nc_gid=8iePOELBsIWrHZWpmJMlkg&oh=00_AfTbMxVLaARdfcF-kxN6W1X_RkUfeg-fsFCP0UMzkE9_7A&oe=68912BBD","N/A"
"Electric Scooter","$40","El Cajon","CA","686378514039307","https://www.facebook.com/marketplace/item/686378514039307","https://scontent-lax3-2.xx.fbcdn.net/v/t45.5328-4/491750435_1877035816378597_7266066606624317627_n.jpg?stp=c0.43.261.261a_dst-jpg_p261x260_tt6&_nc_cat=106&ccb=1-7&_nc_sid=247b10&_nc_ohc=Uw0YdP5EjxkQ7kNvwEU40h0&_nc_oc=AdlMQKPilcjotz7IeZUHcfK9A85T59ngE1vfAu8yNp7U8EWfLm4WSWx44qX32IzgRGVB4jJAYc0TYjG9Brcza5TD&_nc_zt=23&_nc_ht=scontent-lax3-2.xx&_nc_gid=8iePOELBsIWrHZWpmJMlkg&oh=00_AfSkdIMnbXyv9ekWSmFN0NPS4M5gbmHZBR_FXdMWtF8hIQ&oe=6891108E","N/A"
"Pro scooter","$100","El Cajon","CA","584475270690368","https://www.facebook.com/marketplace/item/584475270690368","https://scontent-lax3-2.xx.fbcdn.net/v/t45.5328-4/466599956_542135925369178_483365886938347700_n.jpg?stp=c0.43.261.261a_dst-jpg_p261x260_tt6&_nc_cat=103&ccb=1-7&_nc_sid=247b10&_nc_ohc=-ZDCy3lKRqwQ7kNvwE9mmXZ&_nc_oc=AdnkNUc-oNwmoKllb6oOIbswrmRNZL9byP52OxGGTxAKTpPrD87ko5bbTuXKaHzkabrv4BsTlt5iemI3mXLMwuk7&_nc_zt=23&_nc_ht=scontent-lax3-2.xx&_nc_gid=8iePOELBsIWrHZWpmJMlkg&oh=00_AfQk03n5oyVdRK7Vi93dxNI9RSRF4g9kW24Y4akyx-3_xA&oe=689121BB","N/A"
"Electric scooter ( repair ) tires","$45","Spring Valley","CA","872969221384102","https://www.facebook.com/marketplace/item/872969221384102","https://scontent-lax3-2.xx.fbcdn.net/v/t45.5328-4/449374584_850867150219241_3670140231933802647_n.jpg?stp=c43.0.260.260a_dst-jpg_p261x260_tt6&_nc_cat=101&ccb=1-7&_nc_sid=247b10&_nc_ohc=HtmALWB0xlcQ7kNvwGKLKfU&_nc_oc=AdljQq_KDmyPWRim9SDGzKLN-5qCB6HvIOsoo9_IrAeziHdkz4cqJ2nN9ufPkIP1AGZVAl9m5lSMLnEyVzYGK1rw&_nc_zt=23&_nc_ht=scontent-lax3-2.xx&_nc_gid=5KVxBeVqWcG5kZQFJYD0yA&oh=00_AfS0E-g50fp9qtwAx1KS6Rsplg7Hpm2KKBFHWjlwqGK3IQ&oe=689137BF","N/A"
"Wadan Kick Scooter , LED Light-Up Wheels & 4 Adjustable Heights for age 2-6 Year","$10","El Cajon","CA","1814337022838889","https://www.facebook.com/marketplace/item/1814337022838889","https://scontent-lax3-2.xx.fbcdn.net/v/t45.5328-4/474663260_615433977787663_689810210566447530_n.jpg?stp=c0.1.261.261a_dst-jpg_p261x260_tt6&_nc_cat=100&ccb=1-7&_nc_sid=247b10&_nc_ohc=2mKp_nXMyXgQ7kNvwH5FAKX&_nc_oc=Adni23JOeZFHQiSaV7mYfsmrZd86xzOQQWougKQIm8t3Hvxvzhz8YrOC2whzGZFIhXz1dh9yTdUffNX04HZggxq-&_nc_zt=23&_nc_ht=scontent-lax3-2.xx&_nc_gid=8iePOELBsIWrHZWpmJMlkg&oh=00_AfS9-tgq8UO6s0g8Pr5p3BGEgygDGNwFK-3f0FmYSflYKQ&oe=689139A2","N/A"
"Adult Electric Scooter (doesn't power on)","$70","Spring Valley","CA","2000705594005650","https://www.facebook.com/marketplace/item/2000705594005650","https://scontent-lax3-2.xx.fbcdn.net/v/t45.5328-4/524774734_1043118397807010_1901194988312496253_n.jpg?stp=c101.0.260.260a_dst-jpg_p261x260_tt6&_nc_cat=103&ccb=1-7&_nc_sid=247b10&_nc_ohc=jI1c2eVSReQQ7kNvwHlRbvS&_nc_oc=Adm9qoiM6P1JoPr6D_ZQG9BlQqj_tYQus4hsEXwCRnQVnh6uPhpBzVmTtNCC4k6hxBqLJz9dj2HFlOwSZT9nrHkU&_nc_zt=23&_nc_ht=scontent-lax3-2.xx&_nc_gid=8iePOELBsIWrHZWpmJMlkg&oh=00_AfTO6i_dOvWDrho8esh75mr1jc8RHJ9aHVIQd5c10-OxPg&oe=689113F4","N/A"
"Razor scooter","$15","Ramona","CA","1112436680947979","https://www.facebook.com/marketplace/item/1112436680947979","https://scontent-lax3-2.xx.fbcdn.net/v/t45.5328-4/508163620_703101929034694_5835987334100664415_n.jpg?stp=c0.152.261.261a_dst-jpg_p261x260_tt6&_nc_cat=100&ccb=1-7&_nc_sid=247b10&_nc_ohc=aKn0y3MQlG0Q7kNvwEdpubW&_nc_oc=Adm0nnYCORwwmfgFbiQgmQZqZ1UKqsNyVQmq3loRxLCw-m8zSXfzVAxXUsyxERUTcrhXnc1lF2mzU_KlG9zGZlTn&_nc_zt=23&_nc_ht=scontent-lax3-2.xx&_nc_gid=5KVxBeVqWcG5kZQFJYD0yA&oh=00_AfT8g6YHFIYxDf3uPnUBguP5tvgMb2PPCeIG7JY8cJJsaQ&oe=68912F2D","N/A"
"Razor Electric Scooters","$50","Ramona","CA","242583448875832","https://www.facebook.com/marketplace/item/242583448875832","https://scontent-lax3-2.xx.fbcdn.net/v/t45.5328-4/414552918_7531020716942930_3614025069912273801_n.jpg?stp=c0.43.261.261a_dst-jpg_p261x260_tt6&_nc_cat=106&ccb=1-7&_nc_sid=247b10&_nc_ohc=3X_lkTHE_88Q7kNvwFdhHog&_nc_oc=Adl5HybztIq8htH-S70Jy9UMCFX8Dia-hez9jakjXl6vBmP5FaVjRs-KZvruI0GDZkw2Q3x4fFEjQV4ilN0sSogY&_nc_zt=23&_nc_ht=scontent-lax3-2.xx&_nc_gid=5KVxBeVqWcG5kZQFJYD0yA&oh=00_AfSOni1lmk8g_pE457h6TPu_Cpb0p_fudhVdPn4P3olf2w&oe=6891183B","N/A"
"Moto","$100","Chula Vista","CA","1301809874692256","https://www.facebook.com/marketplace/item/1301809874692256","https://scontent-lax3-2.xx.fbcdn.net/v/t45.5328-4/522244187_1622095731821261_8231281166738014801_n.jpg?stp=c0.152.261.261a_dst-jpg_p261x260_tt6&_nc_cat=107&ccb=1-7&_nc_sid=247b10&_nc_ohc=LwAslWtonBcQ7kNvwEnHJMV&_nc_oc=Adn_SSZ9FD4vRLtaJitMIrPmQrSVgX4DXrnc9lH-leRX05i_SCgY0STXMY-nur6ilAhbze4YkDRuOfVhzocR9Al9&_nc_zt=23&_nc_ht=scontent-lax3-2.xx&_nc_gid=8iePOELBsIWrHZWpmJMlkg&oh=00_AfRs3siJNZs0di4mL-B32T37PRX_OwHz0faiYYaOSqDJQg&oe=689113C2","N/A"
"Scooters","$10","San Diego","CA","1170200964223092","https://www.facebook.com/marketplace/item/1170200964223092","https://scontent-lax3-1.xx.fbcdn.net/v/t45.5328-4/450941318_811803797766419_6501048853567526197_n.jpg?stp=c0.101.261.261a_dst-jpg_p261x260_tt6&_nc_cat=104&ccb=1-7&_nc_sid=247b10&_nc_ohc=_quKynT4ZnQQ7kNvwE7BWt0&_nc_oc=AdkHg9VHy0BiGsevj-xML6BmmeX8RbtZpt4YEy1_hd7Cv7pXtiq6v-lTi0HHHP8Tkd13XpYBnAOwEyPy9qN6pHVM&_nc_zt=23&_nc_ht=scontent-lax3-1.xx&_nc_gid=8iePOELBsIWrHZWpmJMlkg&oh=00_AfSNLVAXfe5twkxhBxhS-iZWpttaicbhSOMPbRu4xhRD2Q&oe=68910C8E","N/A"
"1 scooter bike,","$15","El Cajon","CA","1133482447930923","https://www.facebook.com/marketplace/item/1133482447930923","https://scontent-lax3-1.xx.fbcdn.net/v/t45.5328-4/436706544_772317261552911_6053794268539174783_n.jpg?stp=c0.151.261.261a_dst-jpg_p261x260_tt6&_nc_cat=110&ccb=1-7&_nc_sid=247b10&_nc_ohc=kCvJw82vG98Q7kNvwGavBlB&_nc_oc=AdliOMXmuJGldEFbLdL9VbLF--egwuIStt1o5AGAKXyCB9ufA1iDnpDP2yve-hXskfAS8csEOm8UunpE9UEH8Lv4&_nc_zt=23&_nc_ht=scontent-lax3-1.xx&_nc_gid=8iePOELBsIWrHZWpmJMlkg&oh=00_AfR-DpidqeaYCRnwN65lpMzr9VWs1feATj3E_kakk8Sk2w&oe=68912C61","N/A"
"Electric scooter & mobility scooter ( repair )","$45","Spring Valley","CA","737221632290120","https://www.facebook.com/marketplace/item/737221632290120","https://scontent-lax3-1.xx.fbcdn.net/v/t45.5328-4/473216984_3677881662509206_5207519642392242095_n.jpg?stp=c0.43.261.261a_dst-jpg_p261x260_tt6&_nc_cat=105&ccb=1-7&_nc_sid=247b10&_nc_ohc=XxR4yQ3TGrMQ7kNvwHNH1_O&_nc_oc=Adl46OFVhyXrNDlv25eBZetpJUCHOYw5l6uWQyGaHdb-MgJ47ldQH3zWgzl6j2skXK5sE-HeO2n2AK6LGca5d-7u&_nc_zt=23&_nc_ht=scontent-lax3-1.xx&_nc_gid=5KVxBeVqWcG5kZQFJYD0yA&oh=00_AfRBOuVzeZTDONYlVGUu_CaRZx3IQklPNQS33rvCvYKjXA&oe=689112F8","N/A"
"Scooters","$20","Encinitas","CA","702383992803837","https://www.facebook.com/marketplace/item/702383992803837","https://scontent-lax3-2.xx.fbcdn.net/v/t45.5328-4/523120981_2432898383777491_5910133223039659302_n.jpg?stp=c152.0.260.260a_dst-jpg_p261x260_tt6&_nc_cat=111&ccb=1-7&_nc_sid=247b10&_nc_ohc=jmiaanWkk8EQ7kNvwF5Rcy6&_nc_oc=AdmOR1MeONHE2FdQmayoOCjWSpQcvSv8itM3GL-roJ2kKR7wmM_yMH9sPrTuHV73RutakX2xLLmR8_-LH-9D_4ML&_nc_zt=23&_nc_ht=scontent-lax3-2.xx&_nc_gid=5KVxBeVqWcG5kZQFJYD0yA&oh=00_AfSq-1pM69oM1NEtXAFI50pXTSB2Ja99j9aXr_i97YtnnA&oe=6891208B","N/A"